url,score
wsl.localhost,1.5
www.amazon.fr,0.3138324243926623
fr.shein.com,0.21479713603818618
